adverse_event,count,ROR,CI_Low,CI_High
Amputation,19,422.22222222222223,246.09397169462605,724.4045992296219
